{
  "bank": {
    "doc_count": 1.0,
    "precision": 1.0,
    "recall": 1.0,
    "f1": 1.0,
    "numeric_tolerance_pass_rate": 1.0,
    "numeric_tolerance_pass_rate_profiled": 1.0,
    "hallucination_rate": 0.0,
    "ocr_cer": 0.25,
    "ocr_wer": 1.8
  },
  "gst": {
    "doc_count": 1.0,
    "precision": 0.6666666666666666,
    "recall": 0.6666666666666666,
    "f1": 0.6666666666666666,
    "numeric_tolerance_pass_rate": 0.5,
    "numeric_tolerance_pass_rate_profiled": 0.5,
    "hallucination_rate": 0.0,
    "ocr_cer": 0.28125,
    "ocr_wer": 1.8
  },
  "financial": {
    "doc_count": 1.0,
    "precision": 0.5,
    "recall": 0.6666666666666666,
    "f1": 0.5714285714285715,
    "numeric_tolerance_pass_rate": 0.6666666666666666,
    "numeric_tolerance_pass_rate_profiled": 0.6666666666666666,
    "hallucination_rate": 0.25,
    "ocr_cer": 0.21951219512195122,
    "ocr_wer": 1.8
  }
}